STRUCTURE,STRUCTURE_ID,STRUCTURE_NAME,freq,Time frequency,nace_r2,Statistical classification of economic activities in the European Community (NACE Rev. 2),isco08,International Standard Classification of Occupations 2008 (ISCO-08),worktime,Working time,age,Age class,sex,Sex,indic_se,Structure of earnings indicator,geo,Geopolitical entity (reporting),TIME_PERIOD,Time,OBS_VALUE,Observation value,OBS_FLAG,Observation status (Flag) V2 structure,CONF_STATUS,Confidentiality status (flag)
dataflow,ESTAT:EARN_SES_ANNUAL$DEFAULTVIEW(1.0),Structure of earnings survey: annual earnings,A,Annual,B-S_X_O,"Industry, construction and services (except public administration, defense, compulsory social security)",TOTAL,Total,FT,Full-time,TOTAL,Total,T,Total,MEAN_E_EUR,Mean earnings in euro,AL,Albania,2018,,4864,,,,,
dataflow,ESTAT:EARN_SES_ANNUAL$DEFAULTVIEW(1.0),Structure of earnings survey: annual earnings,A,Annual,B-S_X_O,"Industry, construction and services (except public administration, defense, compulsory social security)",TOTAL,Total,FT,Full-time,TOTAL,Total,T,Total,MEAN_E_EUR,Mean earnings in euro,AL,Albania,2022,,7233,,,,,
dataflow,ESTAT:EARN_SES_ANNUAL$DEFAULTVIEW(1.0),Structure of earnings survey: annual earnings,A,Annual,B-S_X_O,"Industry, construction and services (except public administration, defense, compulsory social security)",TOTAL,Total,FT,Full-time,TOTAL,Total,T,Total,MEAN_E_EUR,Mean earnings in euro,AT,Austria,2006,,37049,,,,,
dataflow,ESTAT:EARN_SES_ANNUAL$DEFAULTVIEW(1.0),Structure of earnings survey: annual earnings,A,Annual,B-S_X_O,"Industry, construction and services (except public administration, defense, compulsory social security)",TOTAL,Total,FT,Full-time,TOTAL,Total,T,Total,MEAN_E_EUR,Mean earnings in euro,AT,Austria,2010,,40514,,,,,
dataflow,ESTAT:EARN_SES_ANNUAL$DEFAULTVIEW(1.0),Structure of earnings survey: annual earnings,A,Annual,B-S_X_O,"Industry, construction and services (except public administration, defense, compulsory social security)",TOTAL,Total,FT,Full-time,TOTAL,Total,T,Total,MEAN_E_EUR,Mean earnings in euro,AT,Austria,2014,,44454,,,,,
dataflow,ESTAT:EARN_SES_ANNUAL$DEFAULTVIEW(1.0),Structure of earnings survey: annual earnings,A,Annual,B-S_X_O,"Industry, construction and services (except public administration, defense, compulsory social security)",TOTAL,Total,FT,Full-time,TOTAL,Total,T,Total,MEAN_E_EUR,Mean earnings in euro,AT,Austria,2018,,48549,,,,,
dataflow,ESTAT:EARN_SES_ANNUAL$DEFAULTVIEW(1.0),Structure of earnings survey: annual earnings,A,Annual,B-S_X_O,"Industry, construction and services (except public administration, defense, compulsory social security)",TOTAL,Total,FT,Full-time,TOTAL,Total,T,Total,MEAN_E_EUR,Mean earnings in euro,AT,Austria,2022,,54296,,,,,
dataflow,ESTAT:EARN_SES_ANNUAL$DEFAULTVIEW(1.0),Structure of earnings survey: annual earnings,A,Annual,B-S_X_O,"Industry, construction and services (except public administration, defense, compulsory social security)",TOTAL,Total,FT,Full-time,TOTAL,Total,T,Total,MEAN_E_EUR,Mean earnings in euro,BA,Bosnia and Herzegovina,2022,,11395,,,,,
dataflow,ESTAT:EARN_SES_ANNUAL$DEFAULTVIEW(1.0),Structure of earnings survey: annual earnings,A,Annual,B-S_X_O,"Industry, construction and services (except public administration, defense, compulsory social security)",TOTAL,Total,FT,Full-time,TOTAL,Total,T,Total,MEAN_E_EUR,Mean earnings in euro,BE,Belgium,2006,,38125,,,,,
dataflow,ESTAT:EARN_SES_ANNUAL$DEFAULTVIEW(1.0),Structure of earnings survey: annual earnings,A,Annual,B-S_X_O,"Industry, construction and services (except public administration, defense, compulsory social security)",TOTAL,Total,FT,Full-time,TOTAL,Total,T,Total,MEAN_E_EUR,Mean earnings in euro,BE,Belgium,2010,,45280,,,,,
dataflow,ESTAT:EARN_SES_ANNUAL$DEFAULTVIEW(1.0),Structure of earnings survey: annual earnings,A,Annual,B-S_X_O,"Industry, construction and services (except public administration, defense, compulsory social security)",TOTAL,Total,FT,Full-time,TOTAL,Total,T,Total,MEAN_E_EUR,Mean earnings in euro,BE,Belgium,2014,,47527,,,,,
dataflow,ESTAT:EARN_SES_ANNUAL$DEFAULTVIEW(1.0),Structure of earnings survey: annual earnings,A,Annual,B-S_X_O,"Industry, construction and services (except public administration, defense, compulsory social security)",TOTAL,Total,FT,Full-time,TOTAL,Total,T,Total,MEAN_E_EUR,Mean earnings in euro,BE,Belgium,2018,,49160,,,,,
dataflow,ESTAT:EARN_SES_ANNUAL$DEFAULTVIEW(1.0),Structure of earnings survey: annual earnings,A,Annual,B-S_X_O,"Industry, construction and services (except public administration, defense, compulsory social security)",TOTAL,Total,FT,Full-time,TOTAL,Total,T,Total,MEAN_E_EUR,Mean earnings in euro,BE,Belgium,2022,,54959,,,,,
dataflow,ESTAT:EARN_SES_ANNUAL$DEFAULTVIEW(1.0),Structure of earnings survey: annual earnings,A,Annual,B-S_X_O,"Industry, construction and services (except public administration, defense, compulsory social security)",TOTAL,Total,FT,Full-time,TOTAL,Total,T,Total,MEAN_E_EUR,Mean earnings in euro,BG,Bulgaria,2002,,1862,,,,,
dataflow,ESTAT:EARN_SES_ANNUAL$DEFAULTVIEW(1.0),Structure of earnings survey: annual earnings,A,Annual,B-S_X_O,"Industry, construction and services (except public administration, defense, compulsory social security)",TOTAL,Total,FT,Full-time,TOTAL,Total,T,Total,MEAN_E_EUR,Mean earnings in euro,BG,Bulgaria,2006,,2606,,,,,
dataflow,ESTAT:EARN_SES_ANNUAL$DEFAULTVIEW(1.0),Structure of earnings survey: annual earnings,A,Annual,B-S_X_O,"Industry, construction and services (except public administration, defense, compulsory social security)",TOTAL,Total,FT,Full-time,TOTAL,Total,T,Total,MEAN_E_EUR,Mean earnings in euro,BG,Bulgaria,2010,,4686,,,,,
dataflow,ESTAT:EARN_SES_ANNUAL$DEFAULTVIEW(1.0),Structure of earnings survey: annual earnings,A,Annual,B-S_X_O,"Industry, construction and services (except public administration, defense, compulsory social security)",TOTAL,Total,FT,Full-time,TOTAL,Total,T,Total,MEAN_E_EUR,Mean earnings in euro,BG,Bulgaria,2014,,5814,,,,,
dataflow,ESTAT:EARN_SES_ANNUAL$DEFAULTVIEW(1.0),Structure of earnings survey: annual earnings,A,Annual,B-S_X_O,"Industry, construction and services (except public administration, defense, compulsory social security)",TOTAL,Total,FT,Full-time,TOTAL,Total,T,Total,MEAN_E_EUR,Mean earnings in euro,BG,Bulgaria,2018,,8256,,,,,
dataflow,ESTAT:EARN_SES_ANNUAL$DEFAULTVIEW(1.0),Structure of earnings survey: annual earnings,A,Annual,B-S_X_O,"Industry, construction and services (except public administration, defense, compulsory social security)",TOTAL,Total,FT,Full-time,TOTAL,Total,T,Total,MEAN_E_EUR,Mean earnings in euro,BG,Bulgaria,2022,,12760,,,,,
dataflow,ESTAT:EARN_SES_ANNUAL$DEFAULTVIEW(1.0),Structure of earnings survey: annual earnings,A,Annual,B-S_X_O,"Industry, construction and services (except public administration, defense, compulsory social security)",TOTAL,Total,FT,Full-time,TOTAL,Total,T,Total,MEAN_E_EUR,Mean earnings in euro,CH,Switzerland,2010,,68488,,,,,
dataflow,ESTAT:EARN_SES_ANNUAL$DEFAULTVIEW(1.0),Structure of earnings survey: annual earnings,A,Annual,B-S_X_O,"Industry, construction and services (except public administration, defense, compulsory social security)",TOTAL,Total,FT,Full-time,TOTAL,Total,T,Total,MEAN_E_EUR,Mean earnings in euro,CH,Switzerland,2014,,75886,,,,,
dataflow,ESTAT:EARN_SES_ANNUAL$DEFAULTVIEW(1.0),Structure of earnings survey: annual earnings,A,Annual,B-S_X_O,"Industry, construction and services (except public administration, defense, compulsory social security)",TOTAL,Total,FT,Full-time,TOTAL,Total,T,Total,MEAN_E_EUR,Mean earnings in euro,CH,Switzerland,2018,,83413,,,,,
dataflow,ESTAT:EARN_SES_ANNUAL$DEFAULTVIEW(1.0),Structure of earnings survey: annual earnings,A,Annual,B-S_X_O,"Industry, construction and services (except public administration, defense, compulsory social security)",TOTAL,Total,FT,Full-time,TOTAL,Total,T,Total,MEAN_E_EUR,Mean earnings in euro,CH,Switzerland,2022,,102507,,,,,
dataflow,ESTAT:EARN_SES_ANNUAL$DEFAULTVIEW(1.0),Structure of earnings survey: annual earnings,A,Annual,B-S_X_O,"Industry, construction and services (except public administration, defense, compulsory social security)",TOTAL,Total,FT,Full-time,TOTAL,Total,T,Total,MEAN_E_EUR,Mean earnings in euro,CY,Cyprus,2006,,24486,,,,,
dataflow,ESTAT:EARN_SES_ANNUAL$DEFAULTVIEW(1.0),Structure of earnings survey: annual earnings,A,Annual,B-S_X_O,"Industry, construction and services (except public administration, defense, compulsory social security)",TOTAL,Total,FT,Full-time,TOTAL,Total,T,Total,MEAN_E_EUR,Mean earnings in euro,CY,Cyprus,2010,,27344,,,,,
dataflow,ESTAT:EARN_SES_ANNUAL$DEFAULTVIEW(1.0),Structure of earnings survey: annual earnings,A,Annual,B-S_X_O,"Industry, construction and services (except public administration, defense, compulsory social security)",TOTAL,Total,FT,Full-time,TOTAL,Total,T,Total,MEAN_E_EUR,Mean earnings in euro,CY,Cyprus,2014,,25670,,,,,
dataflow,ESTAT:EARN_SES_ANNUAL$DEFAULTVIEW(1.0),Structure of earnings survey: annual earnings,A,Annual,B-S_X_O,"Industry, construction and services (except public administration, defense, compulsory social security)",TOTAL,Total,FT,Full-time,TOTAL,Total,T,Total,MEAN_E_EUR,Mean earnings in euro,CY,Cyprus,2018,,26172,,,,,
dataflow,ESTAT:EARN_SES_ANNUAL$DEFAULTVIEW(1.0),Structure of earnings survey: annual earnings,A,Annual,B-S_X_O,"Industry, construction and services (except public administration, defense, compulsory social security)",TOTAL,Total,FT,Full-time,TOTAL,Total,T,Total,MEAN_E_EUR,Mean earnings in euro,CY,Cyprus,2022,,30411,,,,,
dataflow,ESTAT:EARN_SES_ANNUAL$DEFAULTVIEW(1.0),Structure of earnings survey: annual earnings,A,Annual,B-S_X_O,"Industry, construction and services (except public administration, defense, compulsory social security)",TOTAL,Total,FT,Full-time,TOTAL,Total,T,Total,MEAN_E_EUR,Mean earnings in euro,CZ,Czechia,2002,,7174,,,,,
dataflow,ESTAT:EARN_SES_ANNUAL$DEFAULTVIEW(1.0),Structure of earnings survey: annual earnings,A,Annual,B-S_X_O,"Industry, construction and services (except public administration, defense, compulsory social security)",TOTAL,Total,FT,Full-time,TOTAL,Total,T,Total,MEAN_E_EUR,Mean earnings in euro,CZ,Czechia,2006,,9781,,,,,
dataflow,ESTAT:EARN_SES_ANNUAL$DEFAULTVIEW(1.0),Structure of earnings survey: annual earnings,A,Annual,B-S_X_O,"Industry, construction and services (except public administration, defense, compulsory social security)",TOTAL,Total,FT,Full-time,TOTAL,Total,T,Total,MEAN_E_EUR,Mean earnings in euro,CZ,Czechia,2010,,12696,,,,,
dataflow,ESTAT:EARN_SES_ANNUAL$DEFAULTVIEW(1.0),Structure of earnings survey: annual earnings,A,Annual,B-S_X_O,"Industry, construction and services (except public administration, defense, compulsory social security)",TOTAL,Total,FT,Full-time,TOTAL,Total,T,Total,MEAN_E_EUR,Mean earnings in euro,CZ,Czechia,2014,,12542,,,,,
dataflow,ESTAT:EARN_SES_ANNUAL$DEFAULTVIEW(1.0),Structure of earnings survey: annual earnings,A,Annual,B-S_X_O,"Industry, construction and services (except public administration, defense, compulsory social security)",TOTAL,Total,FT,Full-time,TOTAL,Total,T,Total,MEAN_E_EUR,Mean earnings in euro,CZ,Czechia,2018,,16784,,,,,
dataflow,ESTAT:EARN_SES_ANNUAL$DEFAULTVIEW(1.0),Structure of earnings survey: annual earnings,A,Annual,B-S_X_O,"Industry, construction and services (except public administration, defense, compulsory social security)",TOTAL,Total,FT,Full-time,TOTAL,Total,T,Total,MEAN_E_EUR,Mean earnings in euro,CZ,Czechia,2022,,22414,,,,,
dataflow,ESTAT:EARN_SES_ANNUAL$DEFAULTVIEW(1.0),Structure of earnings survey: annual earnings,A,Annual,B-S_X_O,"Industry, construction and services (except public administration, defense, compulsory social security)",TOTAL,Total,FT,Full-time,TOTAL,Total,T,Total,MEAN_E_EUR,Mean earnings in euro,DE,Germany,2006,,39396,,,,,
dataflow,ESTAT:EARN_SES_ANNUAL$DEFAULTVIEW(1.0),Structure of earnings survey: annual earnings,A,Annual,B-S_X_O,"Industry, construction and services (except public administration, defense, compulsory social security)",TOTAL,Total,FT,Full-time,TOTAL,Total,T,Total,MEAN_E_EUR,Mean earnings in euro,DE,Germany,2010,,41495,,,,,
dataflow,ESTAT:EARN_SES_ANNUAL$DEFAULTVIEW(1.0),Structure of earnings survey: annual earnings,A,Annual,B-S_X_O,"Industry, construction and services (except public administration, defense, compulsory social security)",TOTAL,Total,FT,Full-time,TOTAL,Total,T,Total,MEAN_E_EUR,Mean earnings in euro,DE,Germany,2014,,45429,,,,,
dataflow,ESTAT:EARN_SES_ANNUAL$DEFAULTVIEW(1.0),Structure of earnings survey: annual earnings,A,Annual,B-S_X_O,"Industry, construction and services (except public administration, defense, compulsory social security)",TOTAL,Total,FT,Full-time,TOTAL,Total,T,Total,MEAN_E_EUR,Mean earnings in euro,DE,Germany,2018,,49953,,,,,
dataflow,ESTAT:EARN_SES_ANNUAL$DEFAULTVIEW(1.0),Structure of earnings survey: annual earnings,A,Annual,B-S_X_O,"Industry, construction and services (except public administration, defense, compulsory social security)",TOTAL,Total,FT,Full-time,TOTAL,Total,T,Total,MEAN_E_EUR,Mean earnings in euro,DE,Germany,2022,,55648,,,,,
dataflow,ESTAT:EARN_SES_ANNUAL$DEFAULTVIEW(1.0),Structure of earnings survey: annual earnings,A,Annual,B-S_X_O,"Industry, construction and services (except public administration, defense, compulsory social security)",TOTAL,Total,FT,Full-time,TOTAL,Total,T,Total,MEAN_E_EUR,Mean earnings in euro,DK,Denmark,2006,,47637,,,,,
dataflow,ESTAT:EARN_SES_ANNUAL$DEFAULTVIEW(1.0),Structure of earnings survey: annual earnings,A,Annual,B-S_X_O,"Industry, construction and services (except public administration, defense, compulsory social security)",TOTAL,Total,FT,Full-time,TOTAL,Total,T,Total,MEAN_E_EUR,Mean earnings in euro,DK,Denmark,2010,,56083,,,,,
dataflow,ESTAT:EARN_SES_ANNUAL$DEFAULTVIEW(1.0),Structure of earnings survey: annual earnings,A,Annual,B-S_X_O,"Industry, construction and services (except public administration, defense, compulsory social security)",TOTAL,Total,FT,Full-time,TOTAL,Total,T,Total,MEAN_E_EUR,Mean earnings in euro,DK,Denmark,2014,,60495,,,,,
dataflow,ESTAT:EARN_SES_ANNUAL$DEFAULTVIEW(1.0),Structure of earnings survey: annual earnings,A,Annual,B-S_X_O,"Industry, construction and services (except public administration, defense, compulsory social security)",TOTAL,Total,FT,Full-time,TOTAL,Total,T,Total,MEAN_E_EUR,Mean earnings in euro,DK,Denmark,2018,,64568,,,,,
dataflow,ESTAT:EARN_SES_ANNUAL$DEFAULTVIEW(1.0),Structure of earnings survey: annual earnings,A,Annual,B-S_X_O,"Industry, construction and services (except public administration, defense, compulsory social security)",TOTAL,Total,FT,Full-time,TOTAL,Total,T,Total,MEAN_E_EUR,Mean earnings in euro,DK,Denmark,2022,,71798,,,,,
dataflow,ESTAT:EARN_SES_ANNUAL$DEFAULTVIEW(1.0),Structure of earnings survey: annual earnings,A,Annual,B-S_X_O,"Industry, construction and services (except public administration, defense, compulsory social security)",TOTAL,Total,FT,Full-time,TOTAL,Total,T,Total,MEAN_E_EUR,Mean earnings in euro,EA18,Euro area - 18 countries (2014),2006,,31697,,,,,
dataflow,ESTAT:EARN_SES_ANNUAL$DEFAULTVIEW(1.0),Structure of earnings survey: annual earnings,A,Annual,B-S_X_O,"Industry, construction and services (except public administration, defense, compulsory social security)",TOTAL,Total,FT,Full-time,TOTAL,Total,T,Total,MEAN_E_EUR,Mean earnings in euro,EA18,Euro area - 18 countries (2014),2010,,34841,,,,,
dataflow,ESTAT:EARN_SES_ANNUAL$DEFAULTVIEW(1.0),Structure of earnings survey: annual earnings,A,Annual,B-S_X_O,"Industry, construction and services (except public administration, defense, compulsory social security)",TOTAL,Total,FT,Full-time,TOTAL,Total,T,Total,MEAN_E_EUR,Mean earnings in euro,EA18,Euro area - 18 countries (2014),2014,,38337,,,,,
dataflow,ESTAT:EARN_SES_ANNUAL$DEFAULTVIEW(1.0),Structure of earnings survey: annual earnings,A,Annual,B-S_X_O,"Industry, construction and services (except public administration, defense, compulsory social security)",TOTAL,Total,FT,Full-time,TOTAL,Total,T,Total,MEAN_E_EUR,Mean earnings in euro,EA19,Euro area - 19 countries  (2015-2022),2010,,34513,,,,,
dataflow,ESTAT:EARN_SES_ANNUAL$DEFAULTVIEW(1.0),Structure of earnings survey: annual earnings,A,Annual,B-S_X_O,"Industry, construction and services (except public administration, defense, compulsory social security)",TOTAL,Total,FT,Full-time,TOTAL,Total,T,Total,MEAN_E_EUR,Mean earnings in euro,EA19,Euro area - 19 countries  (2015-2022),2014,,37967,,,,,
dataflow,ESTAT:EARN_SES_ANNUAL$DEFAULTVIEW(1.0),Structure of earnings survey: annual earnings,A,Annual,B-S_X_O,"Industry, construction and services (except public administration, defense, compulsory social security)",TOTAL,Total,FT,Full-time,TOTAL,Total,T,Total,MEAN_E_EUR,Mean earnings in euro,EA19,Euro area - 19 countries  (2015-2022),2022,,43902,,,,,
dataflow,ESTAT:EARN_SES_ANNUAL$DEFAULTVIEW(1.0),Structure of earnings survey: annual earnings,A,Annual,B-S_X_O,"Industry, construction and services (except public administration, defense, compulsory social security)",TOTAL,Total,FT,Full-time,TOTAL,Total,T,Total,MEAN_E_EUR,Mean earnings in euro,EA20,Euro area â€“ 20 countries (from 2023),2022,,43544,,,,,
dataflow,ESTAT:EARN_SES_ANNUAL$DEFAULTVIEW(1.0),Structure of earnings survey: annual earnings,A,Annual,B-S_X_O,"Industry, construction and services (except public administration, defense, compulsory social security)",TOTAL,Total,FT,Full-time,TOTAL,Total,T,Total,MEAN_E_EUR,Mean earnings in euro,EE,Estonia,2006,,8148,,,,,
dataflow,ESTAT:EARN_SES_ANNUAL$DEFAULTVIEW(1.0),Structure of earnings survey: annual earnings,A,Annual,B-S_X_O,"Industry, construction and services (except public administration, defense, compulsory social security)",TOTAL,Total,FT,Full-time,TOTAL,Total,T,Total,MEAN_E_EUR,Mean earnings in euro,EE,Estonia,2010,,10585,,,,,
dataflow,ESTAT:EARN_SES_ANNUAL$DEFAULTVIEW(1.0),Structure of earnings survey: annual earnings,A,Annual,B-S_X_O,"Industry, construction and services (except public administration, defense, compulsory social security)",TOTAL,Total,FT,Full-time,TOTAL,Total,T,Total,MEAN_E_EUR,Mean earnings in euro,EE,Estonia,2014,,13609,,,,,
dataflow,ESTAT:EARN_SES_ANNUAL$DEFAULTVIEW(1.0),Structure of earnings survey: annual earnings,A,Annual,B-S_X_O,"Industry, construction and services (except public administration, defense, compulsory social security)",TOTAL,Total,FT,Full-time,TOTAL,Total,T,Total,MEAN_E_EUR,Mean earnings in euro,EE,Estonia,2018,,17094,,,,,
dataflow,ESTAT:EARN_SES_ANNUAL$DEFAULTVIEW(1.0),Structure of earnings survey: annual earnings,A,Annual,B-S_X_O,"Industry, construction and services (except public administration, defense, compulsory social security)",TOTAL,Total,FT,Full-time,TOTAL,Total,T,Total,MEAN_E_EUR,Mean earnings in euro,EE,Estonia,2022,,22858,,,,,
dataflow,ESTAT:EARN_SES_ANNUAL$DEFAULTVIEW(1.0),Structure of earnings survey: annual earnings,A,Annual,B-S_X_O,"Industry, construction and services (except public administration, defense, compulsory social security)",TOTAL,Total,FT,Full-time,TOTAL,Total,T,Total,MEAN_E_EUR,Mean earnings in euro,EL,Greece,2006,,26933,,,,,
dataflow,ESTAT:EARN_SES_ANNUAL$DEFAULTVIEW(1.0),Structure of earnings survey: annual earnings,A,Annual,B-S_X_O,"Industry, construction and services (except public administration, defense, compulsory social security)",TOTAL,Total,FT,Full-time,TOTAL,Total,T,Total,MEAN_E_EUR,Mean earnings in euro,EL,Greece,2010,,26106,,,,,
dataflow,ESTAT:EARN_SES_ANNUAL$DEFAULTVIEW(1.0),Structure of earnings survey: annual earnings,A,Annual,B-S_X_O,"Industry, construction and services (except public administration, defense, compulsory social security)",TOTAL,Total,FT,Full-time,TOTAL,Total,T,Total,MEAN_E_EUR,Mean earnings in euro,EL,Greece,2014,,22957,,,,,
dataflow,ESTAT:EARN_SES_ANNUAL$DEFAULTVIEW(1.0),Structure of earnings survey: annual earnings,A,Annual,B-S_X_O,"Industry, construction and services (except public administration, defense, compulsory social security)",TOTAL,Total,FT,Full-time,TOTAL,Total,T,Total,MEAN_E_EUR,Mean earnings in euro,EL,Greece,2018,,22552,,,,,
dataflow,ESTAT:EARN_SES_ANNUAL$DEFAULTVIEW(1.0),Structure of earnings survey: annual earnings,A,Annual,B-S_X_O,"Industry, construction and services (except public administration, defense, compulsory social security)",TOTAL,Total,FT,Full-time,TOTAL,Total,T,Total,MEAN_E_EUR,Mean earnings in euro,EL,Greece,2022,,25558,,,,,
dataflow,ESTAT:EARN_SES_ANNUAL$DEFAULTVIEW(1.0),Structure of earnings survey: annual earnings,A,Annual,B-S_X_O,"Industry, construction and services (except public administration, defense, compulsory social security)",TOTAL,Total,FT,Full-time,TOTAL,Total,T,Total,MEAN_E_EUR,Mean earnings in euro,ES,Spain,2002,,21792,,,,,
dataflow,ESTAT:EARN_SES_ANNUAL$DEFAULTVIEW(1.0),Structure of earnings survey: annual earnings,A,Annual,B-S_X_O,"Industry, construction and services (except public administration, defense, compulsory social security)",TOTAL,Total,FT,Full-time,TOTAL,Total,T,Total,MEAN_E_EUR,Mean earnings in euro,ES,Spain,2006,,24262,,,,,
dataflow,ESTAT:EARN_SES_ANNUAL$DEFAULTVIEW(1.0),Structure of earnings survey: annual earnings,A,Annual,B-S_X_O,"Industry, construction and services (except public administration, defense, compulsory social security)",TOTAL,Total,FT,Full-time,TOTAL,Total,T,Total,MEAN_E_EUR,Mean earnings in euro,ES,Spain,2010,,27975,,,,,
dataflow,ESTAT:EARN_SES_ANNUAL$DEFAULTVIEW(1.0),Structure of earnings survey: annual earnings,A,Annual,B-S_X_O,"Industry, construction and services (except public administration, defense, compulsory social security)",TOTAL,Total,FT,Full-time,TOTAL,Total,T,Total,MEAN_E_EUR,Mean earnings in euro,ES,Spain,2014,,28933,,,,,
dataflow,ESTAT:EARN_SES_ANNUAL$DEFAULTVIEW(1.0),Structure of earnings survey: annual earnings,A,Annual,B-S_X_O,"Industry, construction and services (except public administration, defense, compulsory social security)",TOTAL,Total,FT,Full-time,TOTAL,Total,T,Total,MEAN_E_EUR,Mean earnings in euro,ES,Spain,2018,,29994,,,,,
dataflow,ESTAT:EARN_SES_ANNUAL$DEFAULTVIEW(1.0),Structure of earnings survey: annual earnings,A,Annual,B-S_X_O,"Industry, construction and services (except public administration, defense, compulsory social security)",TOTAL,Total,FT,Full-time,TOTAL,Total,T,Total,MEAN_E_EUR,Mean earnings in euro,ES,Spain,2022,,32814,,,,,
dataflow,ESTAT:EARN_SES_ANNUAL$DEFAULTVIEW(1.0),Structure of earnings survey: annual earnings,A,Annual,B-S_X_O,"Industry, construction and services (except public administration, defense, compulsory social security)",TOTAL,Total,FT,Full-time,TOTAL,Total,T,Total,MEAN_E_EUR,Mean earnings in euro,EU27_2007,European Union - 27 countries (2007-2013),2010,,31334.09,,,,,
dataflow,ESTAT:EARN_SES_ANNUAL$DEFAULTVIEW(1.0),Structure of earnings survey: annual earnings,A,Annual,B-S_X_O,"Industry, construction and services (except public administration, defense, compulsory social security)",TOTAL,Total,FT,Full-time,TOTAL,Total,T,Total,MEAN_E_EUR,Mean earnings in euro,EU27_2007,European Union - 27 countries (2007-2013),2014,,34327.53,,,,,
dataflow,ESTAT:EARN_SES_ANNUAL$DEFAULTVIEW(1.0),Structure of earnings survey: annual earnings,A,Annual,B-S_X_O,"Industry, construction and services (except public administration, defense, compulsory social security)",TOTAL,Total,FT,Full-time,TOTAL,Total,T,Total,MEAN_E_EUR,Mean earnings in euro,EU27_2020,European Union - 27 countries (from 2020),2006,,26731,,,,,
dataflow,ESTAT:EARN_SES_ANNUAL$DEFAULTVIEW(1.0),Structure of earnings survey: annual earnings,A,Annual,B-S_X_O,"Industry, construction and services (except public administration, defense, compulsory social security)",TOTAL,Total,FT,Full-time,TOTAL,Total,T,Total,MEAN_E_EUR,Mean earnings in euro,EU27_2020,European Union - 27 countries (from 2020),2010,,29759,,,,,
dataflow,ESTAT:EARN_SES_ANNUAL$DEFAULTVIEW(1.0),Structure of earnings survey: annual earnings,A,Annual,B-S_X_O,"Industry, construction and services (except public administration, defense, compulsory social security)",TOTAL,Total,FT,Full-time,TOTAL,Total,T,Total,MEAN_E_EUR,Mean earnings in euro,EU27_2020,European Union - 27 countries (from 2020),2014,,32642.88,,,,,
dataflow,ESTAT:EARN_SES_ANNUAL$DEFAULTVIEW(1.0),Structure of earnings survey: annual earnings,A,Annual,B-S_X_O,"Industry, construction and services (except public administration, defense, compulsory social security)",TOTAL,Total,FT,Full-time,TOTAL,Total,T,Total,MEAN_E_EUR,Mean earnings in euro,EU27_2020,European Union - 27 countries (from 2020),2022,,39034,,,,,
dataflow,ESTAT:EARN_SES_ANNUAL$DEFAULTVIEW(1.0),Structure of earnings survey: annual earnings,A,Annual,B-S_X_O,"Industry, construction and services (except public administration, defense, compulsory social security)",TOTAL,Total,FT,Full-time,TOTAL,Total,T,Total,MEAN_E_EUR,Mean earnings in euro,EU28,European Union - 28 countries (2013-2020),2006,,29506,,,,,
dataflow,ESTAT:EARN_SES_ANNUAL$DEFAULTVIEW(1.0),Structure of earnings survey: annual earnings,A,Annual,B-S_X_O,"Industry, construction and services (except public administration, defense, compulsory social security)",TOTAL,Total,FT,Full-time,TOTAL,Total,T,Total,MEAN_E_EUR,Mean earnings in euro,EU28,European Union - 28 countries (2013-2020),2010,,31176,,,,,
dataflow,ESTAT:EARN_SES_ANNUAL$DEFAULTVIEW(1.0),Structure of earnings survey: annual earnings,A,Annual,B-S_X_O,"Industry, construction and services (except public administration, defense, compulsory social security)",TOTAL,Total,FT,Full-time,TOTAL,Total,T,Total,MEAN_E_EUR,Mean earnings in euro,EU28,European Union - 28 countries (2013-2020),2014,,34210,,,,,
dataflow,ESTAT:EARN_SES_ANNUAL$DEFAULTVIEW(1.0),Structure of earnings survey: annual earnings,A,Annual,B-S_X_O,"Industry, construction and services (except public administration, defense, compulsory social security)",TOTAL,Total,FT,Full-time,TOTAL,Total,T,Total,MEAN_E_EUR,Mean earnings in euro,FI,Finland,2006,,34345,,,,,
dataflow,ESTAT:EARN_SES_ANNUAL$DEFAULTVIEW(1.0),Structure of earnings survey: annual earnings,A,Annual,B-S_X_O,"Industry, construction and services (except public administration, defense, compulsory social security)",TOTAL,Total,FT,Full-time,TOTAL,Total,T,Total,MEAN_E_EUR,Mean earnings in euro,FI,Finland,2010,,39635,,,,,
dataflow,ESTAT:EARN_SES_ANNUAL$DEFAULTVIEW(1.0),Structure of earnings survey: annual earnings,A,Annual,B-S_X_O,"Industry, construction and services (except public administration, defense, compulsory social security)",TOTAL,Total,FT,Full-time,TOTAL,Total,T,Total,MEAN_E_EUR,Mean earnings in euro,FI,Finland,2014,,44543,,,,,
dataflow,ESTAT:EARN_SES_ANNUAL$DEFAULTVIEW(1.0),Structure of earnings survey: annual earnings,A,Annual,B-S_X_O,"Industry, construction and services (except public administration, defense, compulsory social security)",TOTAL,Total,FT,Full-time,TOTAL,Total,T,Total,MEAN_E_EUR,Mean earnings in euro,FI,Finland,2018,,46071,,,,,
dataflow,ESTAT:EARN_SES_ANNUAL$DEFAULTVIEW(1.0),Structure of earnings survey: annual earnings,A,Annual,B-S_X_O,"Industry, construction and services (except public administration, defense, compulsory social security)",TOTAL,Total,FT,Full-time,TOTAL,Total,T,Total,MEAN_E_EUR,Mean earnings in euro,FI,Finland,2022,,51036,,,,,
dataflow,ESTAT:EARN_SES_ANNUAL$DEFAULTVIEW(1.0),Structure of earnings survey: annual earnings,A,Annual,B-S_X_O,"Industry, construction and services (except public administration, defense, compulsory social security)",TOTAL,Total,FT,Full-time,TOTAL,Total,T,Total,MEAN_E_EUR,Mean earnings in euro,FR,France,2006,,32493,,,,,
dataflow,ESTAT:EARN_SES_ANNUAL$DEFAULTVIEW(1.0),Structure of earnings survey: annual earnings,A,Annual,B-S_X_O,"Industry, construction and services (except public administration, defense, compulsory social security)",TOTAL,Total,FT,Full-time,TOTAL,Total,T,Total,MEAN_E_EUR,Mean earnings in euro,FR,France,2010,,34927,,,,,
dataflow,ESTAT:EARN_SES_ANNUAL$DEFAULTVIEW(1.0),Structure of earnings survey: annual earnings,A,Annual,B-S_X_O,"Industry, construction and services (except public administration, defense, compulsory social security)",TOTAL,Total,FT,Full-time,TOTAL,Total,T,Total,MEAN_E_EUR,Mean earnings in euro,FR,France,2014,,37253,,,,,
dataflow,ESTAT:EARN_SES_ANNUAL$DEFAULTVIEW(1.0),Structure of earnings survey: annual earnings,A,Annual,B-S_X_O,"Industry, construction and services (except public administration, defense, compulsory social security)",TOTAL,Total,FT,Full-time,TOTAL,Total,T,Total,MEAN_E_EUR,Mean earnings in euro,FR,France,2018,,38747,,,,,
dataflow,ESTAT:EARN_SES_ANNUAL$DEFAULTVIEW(1.0),Structure of earnings survey: annual earnings,A,Annual,B-S_X_O,"Industry, construction and services (except public administration, defense, compulsory social security)",TOTAL,Total,FT,Full-time,TOTAL,Total,T,Total,MEAN_E_EUR,Mean earnings in euro,FR,France,2022,,40603,,,,,
dataflow,ESTAT:EARN_SES_ANNUAL$DEFAULTVIEW(1.0),Structure of earnings survey: annual earnings,A,Annual,B-S_X_O,"Industry, construction and services (except public administration, defense, compulsory social security)",TOTAL,Total,FT,Full-time,TOTAL,Total,T,Total,MEAN_E_EUR,Mean earnings in euro,HR,Croatia,2010,,12402,,,,,
dataflow,ESTAT:EARN_SES_ANNUAL$DEFAULTVIEW(1.0),Structure of earnings survey: annual earnings,A,Annual,B-S_X_O,"Industry, construction and services (except public administration, defense, compulsory social security)",TOTAL,Total,FT,Full-time,TOTAL,Total,T,Total,MEAN_E_EUR,Mean earnings in euro,HR,Croatia,2014,,13007,,,,,
dataflow,ESTAT:EARN_SES_ANNUAL$DEFAULTVIEW(1.0),Structure of earnings survey: annual earnings,A,Annual,B-S_X_O,"Industry, construction and services (except public administration, defense, compulsory social security)",TOTAL,Total,FT,Full-time,TOTAL,Total,T,Total,MEAN_E_EUR,Mean earnings in euro,HR,Croatia,2018,,14716,,,,,
dataflow,ESTAT:EARN_SES_ANNUAL$DEFAULTVIEW(1.0),Structure of earnings survey: annual earnings,A,Annual,B-S_X_O,"Industry, construction and services (except public administration, defense, compulsory social security)",TOTAL,Total,FT,Full-time,TOTAL,Total,T,Total,MEAN_E_EUR,Mean earnings in euro,HR,Croatia,2022,,16804,,,,,
dataflow,ESTAT:EARN_SES_ANNUAL$DEFAULTVIEW(1.0),Structure of earnings survey: annual earnings,A,Annual,B-S_X_O,"Industry, construction and services (except public administration, defense, compulsory social security)",TOTAL,Total,FT,Full-time,TOTAL,Total,T,Total,MEAN_E_EUR,Mean earnings in euro,HU,Hungary,2002,,5873,,,,,
dataflow,ESTAT:EARN_SES_ANNUAL$DEFAULTVIEW(1.0),Structure of earnings survey: annual earnings,A,Annual,B-S_X_O,"Industry, construction and services (except public administration, defense, compulsory social security)",TOTAL,Total,FT,Full-time,TOTAL,Total,T,Total,MEAN_E_EUR,Mean earnings in euro,HU,Hungary,2006,,8115,,,,,
dataflow,ESTAT:EARN_SES_ANNUAL$DEFAULTVIEW(1.0),Structure of earnings survey: annual earnings,A,Annual,B-S_X_O,"Industry, construction and services (except public administration, defense, compulsory social security)",TOTAL,Total,FT,Full-time,TOTAL,Total,T,Total,MEAN_E_EUR,Mean earnings in euro,HU,Hungary,2010,,9879,,,,,
dataflow,ESTAT:EARN_SES_ANNUAL$DEFAULTVIEW(1.0),Structure of earnings survey: annual earnings,A,Annual,B-S_X_O,"Industry, construction and services (except public administration, defense, compulsory social security)",TOTAL,Total,FT,Full-time,TOTAL,Total,T,Total,MEAN_E_EUR,Mean earnings in euro,HU,Hungary,2014,,10209,,,,,
dataflow,ESTAT:EARN_SES_ANNUAL$DEFAULTVIEW(1.0),Structure of earnings survey: annual earnings,A,Annual,B-S_X_O,"Industry, construction and services (except public administration, defense, compulsory social security)",TOTAL,Total,FT,Full-time,TOTAL,Total,T,Total,MEAN_E_EUR,Mean earnings in euro,HU,Hungary,2018,,13539,,,,,
dataflow,ESTAT:EARN_SES_ANNUAL$DEFAULTVIEW(1.0),Structure of earnings survey: annual earnings,A,Annual,B-S_X_O,"Industry, construction and services (except public administration, defense, compulsory social security)",TOTAL,Total,FT,Full-time,TOTAL,Total,T,Total,MEAN_E_EUR,Mean earnings in euro,HU,Hungary,2022,,16825,,,,,
dataflow,ESTAT:EARN_SES_ANNUAL$DEFAULTVIEW(1.0),Structure of earnings survey: annual earnings,A,Annual,B-S_X_O,"Industry, construction and services (except public administration, defense, compulsory social security)",TOTAL,Total,FT,Full-time,TOTAL,Total,T,Total,MEAN_E_EUR,Mean earnings in euro,IE,Ireland,2002,,35450,,,,,
dataflow,ESTAT:EARN_SES_ANNUAL$DEFAULTVIEW(1.0),Structure of earnings survey: annual earnings,A,Annual,B-S_X_O,"Industry, construction and services (except public administration, defense, compulsory social security)",TOTAL,Total,FT,Full-time,TOTAL,Total,T,Total,MEAN_E_EUR,Mean earnings in euro,IE,Ireland,2006,,42876,,,,,
dataflow,ESTAT:EARN_SES_ANNUAL$DEFAULTVIEW(1.0),Structure of earnings survey: annual earnings,A,Annual,B-S_X_O,"Industry, construction and services (except public administration, defense, compulsory social security)",TOTAL,Total,FT,Full-time,TOTAL,Total,T,Total,MEAN_E_EUR,Mean earnings in euro,IE,Ireland,2010,,44146,,,,,
dataflow,ESTAT:EARN_SES_ANNUAL$DEFAULTVIEW(1.0),Structure of earnings survey: annual earnings,A,Annual,B-S_X_O,"Industry, construction and services (except public administration, defense, compulsory social security)",TOTAL,Total,FT,Full-time,TOTAL,Total,T,Total,MEAN_E_EUR,Mean earnings in euro,IE,Ireland,2014,,48598,,,,,
dataflow,ESTAT:EARN_SES_ANNUAL$DEFAULTVIEW(1.0),Structure of earnings survey: annual earnings,A,Annual,B-S_X_O,"Industry, construction and services (except public administration, defense, compulsory social security)",TOTAL,Total,FT,Full-time,TOTAL,Total,T,Total,MEAN_E_EUR,Mean earnings in euro,IE,Ireland,2018,,49790,,,,,
dataflow,ESTAT:EARN_SES_ANNUAL$DEFAULTVIEW(1.0),Structure of earnings survey: annual earnings,A,Annual,B-S_X_O,"Industry, construction and services (except public administration, defense, compulsory social security)",TOTAL,Total,FT,Full-time,TOTAL,Total,T,Total,MEAN_E_EUR,Mean earnings in euro,IE,Ireland,2022,,57116,,,,,
dataflow,ESTAT:EARN_SES_ANNUAL$DEFAULTVIEW(1.0),Structure of earnings survey: annual earnings,A,Annual,B-S_X_O,"Industry, construction and services (except public administration, defense, compulsory social security)",TOTAL,Total,FT,Full-time,TOTAL,Total,T,Total,MEAN_E_EUR,Mean earnings in euro,IS,Iceland,2010,,32551,,,,,
dataflow,ESTAT:EARN_SES_ANNUAL$DEFAULTVIEW(1.0),Structure of earnings survey: annual earnings,A,Annual,B-S_X_O,"Industry, construction and services (except public administration, defense, compulsory social security)",TOTAL,Total,FT,Full-time,TOTAL,Total,T,Total,MEAN_E_EUR,Mean earnings in euro,IS,Iceland,2014,,44188,,,,,
dataflow,ESTAT:EARN_SES_ANNUAL$DEFAULTVIEW(1.0),Structure of earnings survey: annual earnings,A,Annual,B-S_X_O,"Industry, construction and services (except public administration, defense, compulsory social security)",TOTAL,Total,FT,Full-time,TOTAL,Total,T,Total,MEAN_E_EUR,Mean earnings in euro,IS,Iceland,2018,,68633,,,,,
dataflow,ESTAT:EARN_SES_ANNUAL$DEFAULTVIEW(1.0),Structure of earnings survey: annual earnings,A,Annual,B-S_X_O,"Industry, construction and services (except public administration, defense, compulsory social security)",TOTAL,Total,FT,Full-time,TOTAL,Total,T,Total,MEAN_E_EUR,Mean earnings in euro,IS,Iceland,2022,,74436,,,,,
dataflow,ESTAT:EARN_SES_ANNUAL$DEFAULTVIEW(1.0),Structure of earnings survey: annual earnings,A,Annual,B-S_X_O,"Industry, construction and services (except public administration, defense, compulsory social security)",TOTAL,Total,FT,Full-time,TOTAL,Total,T,Total,MEAN_E_EUR,Mean earnings in euro,IT,Italy,2006,,30560,,,,,
dataflow,ESTAT:EARN_SES_ANNUAL$DEFAULTVIEW(1.0),Structure of earnings survey: annual earnings,A,Annual,B-S_X_O,"Industry, construction and services (except public administration, defense, compulsory social security)",TOTAL,Total,FT,Full-time,TOTAL,Total,T,Total,MEAN_E_EUR,Mean earnings in euro,IT,Italy,2010,,32751,,,,,
dataflow,ESTAT:EARN_SES_ANNUAL$DEFAULTVIEW(1.0),Structure of earnings survey: annual earnings,A,Annual,B-S_X_O,"Industry, construction and services (except public administration, defense, compulsory social security)",TOTAL,Total,FT,Full-time,TOTAL,Total,T,Total,MEAN_E_EUR,Mean earnings in euro,IT,Italy,2014,,36242,,,,,
dataflow,ESTAT:EARN_SES_ANNUAL$DEFAULTVIEW(1.0),Structure of earnings survey: annual earnings,A,Annual,B-S_X_O,"Industry, construction and services (except public administration, defense, compulsory social security)",TOTAL,Total,FT,Full-time,TOTAL,Total,T,Total,MEAN_E_EUR,Mean earnings in euro,IT,Italy,2018,,36671,,,,,
dataflow,ESTAT:EARN_SES_ANNUAL$DEFAULTVIEW(1.0),Structure of earnings survey: annual earnings,A,Annual,B-S_X_O,"Industry, construction and services (except public administration, defense, compulsory social security)",TOTAL,Total,FT,Full-time,TOTAL,Total,T,Total,MEAN_E_EUR,Mean earnings in euro,IT,Italy,2022,,38665,,,,,
dataflow,ESTAT:EARN_SES_ANNUAL$DEFAULTVIEW(1.0),Structure of earnings survey: annual earnings,A,Annual,B-S_X_O,"Industry, construction and services (except public administration, defense, compulsory social security)",TOTAL,Total,FT,Full-time,TOTAL,Total,T,Total,MEAN_E_EUR,Mean earnings in euro,LT,Lithuania,2002,,4099,,,,,
dataflow,ESTAT:EARN_SES_ANNUAL$DEFAULTVIEW(1.0),Structure of earnings survey: annual earnings,A,Annual,B-S_X_O,"Industry, construction and services (except public administration, defense, compulsory social security)",TOTAL,Total,FT,Full-time,TOTAL,Total,T,Total,MEAN_E_EUR,Mean earnings in euro,LT,Lithuania,2006,,5716,,,,,
dataflow,ESTAT:EARN_SES_ANNUAL$DEFAULTVIEW(1.0),Structure of earnings survey: annual earnings,A,Annual,B-S_X_O,"Industry, construction and services (except public administration, defense, compulsory social security)",TOTAL,Total,FT,Full-time,TOTAL,Total,T,Total,MEAN_E_EUR,Mean earnings in euro,LT,Lithuania,2010,,7226,,,,,
dataflow,ESTAT:EARN_SES_ANNUAL$DEFAULTVIEW(1.0),Structure of earnings survey: annual earnings,A,Annual,B-S_X_O,"Industry, construction and services (except public administration, defense, compulsory social security)",TOTAL,Total,FT,Full-time,TOTAL,Total,T,Total,MEAN_E_EUR,Mean earnings in euro,LT,Lithuania,2014,,8756,,,,,
dataflow,ESTAT:EARN_SES_ANNUAL$DEFAULTVIEW(1.0),Structure of earnings survey: annual earnings,A,Annual,B-S_X_O,"Industry, construction and services (except public administration, defense, compulsory social security)",TOTAL,Total,FT,Full-time,TOTAL,Total,T,Total,MEAN_E_EUR,Mean earnings in euro,LT,Lithuania,2018,,11943,,,,,
dataflow,ESTAT:EARN_SES_ANNUAL$DEFAULTVIEW(1.0),Structure of earnings survey: annual earnings,A,Annual,B-S_X_O,"Industry, construction and services (except public administration, defense, compulsory social security)",TOTAL,Total,FT,Full-time,TOTAL,Total,T,Total,MEAN_E_EUR,Mean earnings in euro,LT,Lithuania,2022,,22673,,,,,
dataflow,ESTAT:EARN_SES_ANNUAL$DEFAULTVIEW(1.0),Structure of earnings survey: annual earnings,A,Annual,B-S_X_O,"Industry, construction and services (except public administration, defense, compulsory social security)",TOTAL,Total,FT,Full-time,TOTAL,Total,T,Total,MEAN_E_EUR,Mean earnings in euro,LU,Luxembourg,2006,,47016,,,,,
dataflow,ESTAT:EARN_SES_ANNUAL$DEFAULTVIEW(1.0),Structure of earnings survey: annual earnings,A,Annual,B-S_X_O,"Industry, construction and services (except public administration, defense, compulsory social security)",TOTAL,Total,FT,Full-time,TOTAL,Total,T,Total,MEAN_E_EUR,Mean earnings in euro,LU,Luxembourg,2010,,51643,,,,,
dataflow,ESTAT:EARN_SES_ANNUAL$DEFAULTVIEW(1.0),Structure of earnings survey: annual earnings,A,Annual,B-S_X_O,"Industry, construction and services (except public administration, defense, compulsory social security)",TOTAL,Total,FT,Full-time,TOTAL,Total,T,Total,MEAN_E_EUR,Mean earnings in euro,LU,Luxembourg,2014,,58797,,,,,
dataflow,ESTAT:EARN_SES_ANNUAL$DEFAULTVIEW(1.0),Structure of earnings survey: annual earnings,A,Annual,B-S_X_O,"Industry, construction and services (except public administration, defense, compulsory social security)",TOTAL,Total,FT,Full-time,TOTAL,Total,T,Total,MEAN_E_EUR,Mean earnings in euro,LU,Luxembourg,2018,,64641,,,,,
dataflow,ESTAT:EARN_SES_ANNUAL$DEFAULTVIEW(1.0),Structure of earnings survey: annual earnings,A,Annual,B-S_X_O,"Industry, construction and services (except public administration, defense, compulsory social security)",TOTAL,Total,FT,Full-time,TOTAL,Total,T,Total,MEAN_E_EUR,Mean earnings in euro,LU,Luxembourg,2022,,73637,,,,,
dataflow,ESTAT:EARN_SES_ANNUAL$DEFAULTVIEW(1.0),Structure of earnings survey: annual earnings,A,Annual,B-S_X_O,"Industry, construction and services (except public administration, defense, compulsory social security)",TOTAL,Total,FT,Full-time,TOTAL,Total,T,Total,MEAN_E_EUR,Mean earnings in euro,LV,Latvia,2006,,5839,,,,,
dataflow,ESTAT:EARN_SES_ANNUAL$DEFAULTVIEW(1.0),Structure of earnings survey: annual earnings,A,Annual,B-S_X_O,"Industry, construction and services (except public administration, defense, compulsory social security)",TOTAL,Total,FT,Full-time,TOTAL,Total,T,Total,MEAN_E_EUR,Mean earnings in euro,LV,Latvia,2010,,8526,,,,,
dataflow,ESTAT:EARN_SES_ANNUAL$DEFAULTVIEW(1.0),Structure of earnings survey: annual earnings,A,Annual,B-S_X_O,"Industry, construction and services (except public administration, defense, compulsory social security)",TOTAL,Total,FT,Full-time,TOTAL,Total,T,Total,MEAN_E_EUR,Mean earnings in euro,LV,Latvia,2014,,10195,,,,,
dataflow,ESTAT:EARN_SES_ANNUAL$DEFAULTVIEW(1.0),Structure of earnings survey: annual earnings,A,Annual,B-S_X_O,"Industry, construction and services (except public administration, defense, compulsory social security)",TOTAL,Total,FT,Full-time,TOTAL,Total,T,Total,MEAN_E_EUR,Mean earnings in euro,LV,Latvia,2018,,14057,,,,,
dataflow,ESTAT:EARN_SES_ANNUAL$DEFAULTVIEW(1.0),Structure of earnings survey: annual earnings,A,Annual,B-S_X_O,"Industry, construction and services (except public administration, defense, compulsory social security)",TOTAL,Total,FT,Full-time,TOTAL,Total,T,Total,MEAN_E_EUR,Mean earnings in euro,LV,Latvia,2022,,18202,,,,,
dataflow,ESTAT:EARN_SES_ANNUAL$DEFAULTVIEW(1.0),Structure of earnings survey: annual earnings,A,Annual,B-S_X_O,"Industry, construction and services (except public administration, defense, compulsory social security)",TOTAL,Total,FT,Full-time,TOTAL,Total,T,Total,MEAN_E_EUR,Mean earnings in euro,ME,Montenegro,2014,,8778,,,,,
dataflow,ESTAT:EARN_SES_ANNUAL$DEFAULTVIEW(1.0),Structure of earnings survey: annual earnings,A,Annual,B-S_X_O,"Industry, construction and services (except public administration, defense, compulsory social security)",TOTAL,Total,FT,Full-time,TOTAL,Total,T,Total,MEAN_E_EUR,Mean earnings in euro,MK,North Macedonia,2010,,5824,,,,,
dataflow,ESTAT:EARN_SES_ANNUAL$DEFAULTVIEW(1.0),Structure of earnings survey: annual earnings,A,Annual,B-S_X_O,"Industry, construction and services (except public administration, defense, compulsory social security)",TOTAL,Total,FT,Full-time,TOTAL,Total,T,Total,MEAN_E_EUR,Mean earnings in euro,MK,North Macedonia,2014,,6599,,,,,
dataflow,ESTAT:EARN_SES_ANNUAL$DEFAULTVIEW(1.0),Structure of earnings survey: annual earnings,A,Annual,B-S_X_O,"Industry, construction and services (except public administration, defense, compulsory social security)",TOTAL,Total,FT,Full-time,TOTAL,Total,T,Total,MEAN_E_EUR,Mean earnings in euro,MK,North Macedonia,2018,,7363,,,,,
dataflow,ESTAT:EARN_SES_ANNUAL$DEFAULTVIEW(1.0),Structure of earnings survey: annual earnings,A,Annual,B-S_X_O,"Industry, construction and services (except public administration, defense, compulsory social security)",TOTAL,Total,FT,Full-time,TOTAL,Total,T,Total,MEAN_E_EUR,Mean earnings in euro,MT,Malta,2006,,17654,,,,,
dataflow,ESTAT:EARN_SES_ANNUAL$DEFAULTVIEW(1.0),Structure of earnings survey: annual earnings,A,Annual,B-S_X_O,"Industry, construction and services (except public administration, defense, compulsory social security)",TOTAL,Total,FT,Full-time,TOTAL,Total,T,Total,MEAN_E_EUR,Mean earnings in euro,MT,Malta,2010,,19600,,,,,
dataflow,ESTAT:EARN_SES_ANNUAL$DEFAULTVIEW(1.0),Structure of earnings survey: annual earnings,A,Annual,B-S_X_O,"Industry, construction and services (except public administration, defense, compulsory social security)",TOTAL,Total,FT,Full-time,TOTAL,Total,T,Total,MEAN_E_EUR,Mean earnings in euro,MT,Malta,2014,,22641,,,,,
dataflow,ESTAT:EARN_SES_ANNUAL$DEFAULTVIEW(1.0),Structure of earnings survey: annual earnings,A,Annual,B-S_X_O,"Industry, construction and services (except public administration, defense, compulsory social security)",TOTAL,Total,FT,Full-time,TOTAL,Total,T,Total,MEAN_E_EUR,Mean earnings in euro,MT,Malta,2018,,27047,,,,,
dataflow,ESTAT:EARN_SES_ANNUAL$DEFAULTVIEW(1.0),Structure of earnings survey: annual earnings,A,Annual,B-S_X_O,"Industry, construction and services (except public administration, defense, compulsory social security)",TOTAL,Total,FT,Full-time,TOTAL,Total,T,Total,MEAN_E_EUR,Mean earnings in euro,MT,Malta,2022,,31571,,,,,
dataflow,ESTAT:EARN_SES_ANNUAL$DEFAULTVIEW(1.0),Structure of earnings survey: annual earnings,A,Annual,B-S_X_O,"Industry, construction and services (except public administration, defense, compulsory social security)",TOTAL,Total,FT,Full-time,TOTAL,Total,T,Total,MEAN_E_EUR,Mean earnings in euro,NL,Netherlands,2002,,37003,,,,,
dataflow,ESTAT:EARN_SES_ANNUAL$DEFAULTVIEW(1.0),Structure of earnings survey: annual earnings,A,Annual,B-S_X_O,"Industry, construction and services (except public administration, defense, compulsory social security)",TOTAL,Total,FT,Full-time,TOTAL,Total,T,Total,MEAN_E_EUR,Mean earnings in euro,NL,Netherlands,2006,,38998,,,,,
dataflow,ESTAT:EARN_SES_ANNUAL$DEFAULTVIEW(1.0),Structure of earnings survey: annual earnings,A,Annual,B-S_X_O,"Industry, construction and services (except public administration, defense, compulsory social security)",TOTAL,Total,FT,Full-time,TOTAL,Total,T,Total,MEAN_E_EUR,Mean earnings in euro,NL,Netherlands,2010,,44965,,,,,
dataflow,ESTAT:EARN_SES_ANNUAL$DEFAULTVIEW(1.0),Structure of earnings survey: annual earnings,A,Annual,B-S_X_O,"Industry, construction and services (except public administration, defense, compulsory social security)",TOTAL,Total,FT,Full-time,TOTAL,Total,T,Total,MEAN_E_EUR,Mean earnings in euro,NL,Netherlands,2014,,48839.67,,,,,
dataflow,ESTAT:EARN_SES_ANNUAL$DEFAULTVIEW(1.0),Structure of earnings survey: annual earnings,A,Annual,B-S_X_O,"Industry, construction and services (except public administration, defense, compulsory social security)",TOTAL,Total,FT,Full-time,TOTAL,Total,T,Total,MEAN_E_EUR,Mean earnings in euro,NL,Netherlands,2018,,51826,,,,,
dataflow,ESTAT:EARN_SES_ANNUAL$DEFAULTVIEW(1.0),Structure of earnings survey: annual earnings,A,Annual,B-S_X_O,"Industry, construction and services (except public administration, defense, compulsory social security)",TOTAL,Total,FT,Full-time,TOTAL,Total,T,Total,MEAN_E_EUR,Mean earnings in euro,NL,Netherlands,2022,,59527,,,,,
dataflow,ESTAT:EARN_SES_ANNUAL$DEFAULTVIEW(1.0),Structure of earnings survey: annual earnings,A,Annual,B-S_X_O,"Industry, construction and services (except public administration, defense, compulsory social security)",TOTAL,Total,FT,Full-time,TOTAL,Total,T,Total,MEAN_E_EUR,Mean earnings in euro,NO,Norway,2006,,50440,,,,,
dataflow,ESTAT:EARN_SES_ANNUAL$DEFAULTVIEW(1.0),Structure of earnings survey: annual earnings,A,Annual,B-S_X_O,"Industry, construction and services (except public administration, defense, compulsory social security)",TOTAL,Total,FT,Full-time,TOTAL,Total,T,Total,MEAN_E_EUR,Mean earnings in euro,NO,Norway,2010,,58075,,,,,
dataflow,ESTAT:EARN_SES_ANNUAL$DEFAULTVIEW(1.0),Structure of earnings survey: annual earnings,A,Annual,B-S_X_O,"Industry, construction and services (except public administration, defense, compulsory social security)",TOTAL,Total,FT,Full-time,TOTAL,Total,T,Total,MEAN_E_EUR,Mean earnings in euro,NO,Norway,2014,,63157,,,,,
dataflow,ESTAT:EARN_SES_ANNUAL$DEFAULTVIEW(1.0),Structure of earnings survey: annual earnings,A,Annual,B-S_X_O,"Industry, construction and services (except public administration, defense, compulsory social security)",TOTAL,Total,FT,Full-time,TOTAL,Total,T,Total,MEAN_E_EUR,Mean earnings in euro,NO,Norway,2018,,48609,,,,,
dataflow,ESTAT:EARN_SES_ANNUAL$DEFAULTVIEW(1.0),Structure of earnings survey: annual earnings,A,Annual,B-S_X_O,"Industry, construction and services (except public administration, defense, compulsory social security)",TOTAL,Total,FT,Full-time,TOTAL,Total,T,Total,MEAN_E_EUR,Mean earnings in euro,NO,Norway,2022,,69144,,,,,
dataflow,ESTAT:EARN_SES_ANNUAL$DEFAULTVIEW(1.0),Structure of earnings survey: annual earnings,A,Annual,B-S_X_O,"Industry, construction and services (except public administration, defense, compulsory social security)",TOTAL,Total,FT,Full-time,TOTAL,Total,T,Total,MEAN_E_EUR,Mean earnings in euro,PL,Poland,2002,,6878,,,,,
dataflow,ESTAT:EARN_SES_ANNUAL$DEFAULTVIEW(1.0),Structure of earnings survey: annual earnings,A,Annual,B-S_X_O,"Industry, construction and services (except public administration, defense, compulsory social security)",TOTAL,Total,FT,Full-time,TOTAL,Total,T,Total,MEAN_E_EUR,Mean earnings in euro,PL,Poland,2006,,8574,,,,,
dataflow,ESTAT:EARN_SES_ANNUAL$DEFAULTVIEW(1.0),Structure of earnings survey: annual earnings,A,Annual,B-S_X_O,"Industry, construction and services (except public administration, defense, compulsory social security)",TOTAL,Total,FT,Full-time,TOTAL,Total,T,Total,MEAN_E_EUR,Mean earnings in euro,PL,Poland,2010,,10507,,,,,
dataflow,ESTAT:EARN_SES_ANNUAL$DEFAULTVIEW(1.0),Structure of earnings survey: annual earnings,A,Annual,B-S_X_O,"Industry, construction and services (except public administration, defense, compulsory social security)",TOTAL,Total,FT,Full-time,TOTAL,Total,T,Total,MEAN_E_EUR,Mean earnings in euro,PL,Poland,2014,,11665,,,,,
dataflow,ESTAT:EARN_SES_ANNUAL$DEFAULTVIEW(1.0),Structure of earnings survey: annual earnings,A,Annual,B-S_X_O,"Industry, construction and services (except public administration, defense, compulsory social security)",TOTAL,Total,FT,Full-time,TOTAL,Total,T,Total,MEAN_E_EUR,Mean earnings in euro,PL,Poland,2018,,13847,,,,,
dataflow,ESTAT:EARN_SES_ANNUAL$DEFAULTVIEW(1.0),Structure of earnings survey: annual earnings,A,Annual,B-S_X_O,"Industry, construction and services (except public administration, defense, compulsory social security)",TOTAL,Total,FT,Full-time,TOTAL,Total,T,Total,MEAN_E_EUR,Mean earnings in euro,PL,Poland,2022,,17484,,,,,
dataflow,ESTAT:EARN_SES_ANNUAL$DEFAULTVIEW(1.0),Structure of earnings survey: annual earnings,A,Annual,B-S_X_O,"Industry, construction and services (except public administration, defense, compulsory social security)",TOTAL,Total,FT,Full-time,TOTAL,Total,T,Total,MEAN_E_EUR,Mean earnings in euro,PT,Portugal,2006,,16597,,,,,
dataflow,ESTAT:EARN_SES_ANNUAL$DEFAULTVIEW(1.0),Structure of earnings survey: annual earnings,A,Annual,B-S_X_O,"Industry, construction and services (except public administration, defense, compulsory social security)",TOTAL,Total,FT,Full-time,TOTAL,Total,T,Total,MEAN_E_EUR,Mean earnings in euro,PT,Portugal,2010,,18507,,,,,
dataflow,ESTAT:EARN_SES_ANNUAL$DEFAULTVIEW(1.0),Structure of earnings survey: annual earnings,A,Annual,B-S_X_O,"Industry, construction and services (except public administration, defense, compulsory social security)",TOTAL,Total,FT,Full-time,TOTAL,Total,T,Total,MEAN_E_EUR,Mean earnings in euro,PT,Portugal,2014,,17497,,,,,
dataflow,ESTAT:EARN_SES_ANNUAL$DEFAULTVIEW(1.0),Structure of earnings survey: annual earnings,A,Annual,B-S_X_O,"Industry, construction and services (except public administration, defense, compulsory social security)",TOTAL,Total,FT,Full-time,TOTAL,Total,T,Total,MEAN_E_EUR,Mean earnings in euro,PT,Portugal,2018,,18236,,,,,
dataflow,ESTAT:EARN_SES_ANNUAL$DEFAULTVIEW(1.0),Structure of earnings survey: annual earnings,A,Annual,B-S_X_O,"Industry, construction and services (except public administration, defense, compulsory social security)",TOTAL,Total,FT,Full-time,TOTAL,Total,T,Total,MEAN_E_EUR,Mean earnings in euro,PT,Portugal,2022,,23152,,,,,
dataflow,ESTAT:EARN_SES_ANNUAL$DEFAULTVIEW(1.0),Structure of earnings survey: annual earnings,A,Annual,B-S_X_O,"Industry, construction and services (except public administration, defense, compulsory social security)",TOTAL,Total,FT,Full-time,TOTAL,Total,T,Total,MEAN_E_EUR,Mean earnings in euro,RO,Romania,2002,,2344,,,,,
dataflow,ESTAT:EARN_SES_ANNUAL$DEFAULTVIEW(1.0),Structure of earnings survey: annual earnings,A,Annual,B-S_X_O,"Industry, construction and services (except public administration, defense, compulsory social security)",TOTAL,Total,FT,Full-time,TOTAL,Total,T,Total,MEAN_E_EUR,Mean earnings in euro,RO,Romania,2006,,4223,,,,,
dataflow,ESTAT:EARN_SES_ANNUAL$DEFAULTVIEW(1.0),Structure of earnings survey: annual earnings,A,Annual,B-S_X_O,"Industry, construction and services (except public administration, defense, compulsory social security)",TOTAL,Total,FT,Full-time,TOTAL,Total,T,Total,MEAN_E_EUR,Mean earnings in euro,RO,Romania,2010,,6031,,,,,
dataflow,ESTAT:EARN_SES_ANNUAL$DEFAULTVIEW(1.0),Structure of earnings survey: annual earnings,A,Annual,B-S_X_O,"Industry, construction and services (except public administration, defense, compulsory social security)",TOTAL,Total,FT,Full-time,TOTAL,Total,T,Total,MEAN_E_EUR,Mean earnings in euro,RO,Romania,2014,,6746,,,,,
dataflow,ESTAT:EARN_SES_ANNUAL$DEFAULTVIEW(1.0),Structure of earnings survey: annual earnings,A,Annual,B-S_X_O,"Industry, construction and services (except public administration, defense, compulsory social security)",TOTAL,Total,FT,Full-time,TOTAL,Total,T,Total,MEAN_E_EUR,Mean earnings in euro,RO,Romania,2018,,11906,,,,,
dataflow,ESTAT:EARN_SES_ANNUAL$DEFAULTVIEW(1.0),Structure of earnings survey: annual earnings,A,Annual,B-S_X_O,"Industry, construction and services (except public administration, defense, compulsory social security)",TOTAL,Total,FT,Full-time,TOTAL,Total,T,Total,MEAN_E_EUR,Mean earnings in euro,RO,Romania,2022,,16575,,,,,
dataflow,ESTAT:EARN_SES_ANNUAL$DEFAULTVIEW(1.0),Structure of earnings survey: annual earnings,A,Annual,B-S_X_O,"Industry, construction and services (except public administration, defense, compulsory social security)",TOTAL,Total,FT,Full-time,TOTAL,Total,T,Total,MEAN_E_EUR,Mean earnings in euro,RS,Serbia,2014,,7008,,,,,
dataflow,ESTAT:EARN_SES_ANNUAL$DEFAULTVIEW(1.0),Structure of earnings survey: annual earnings,A,Annual,B-S_X_O,"Industry, construction and services (except public administration, defense, compulsory social security)",TOTAL,Total,FT,Full-time,TOTAL,Total,T,Total,MEAN_E_EUR,Mean earnings in euro,RS,Serbia,2018,,8100,,,,,
dataflow,ESTAT:EARN_SES_ANNUAL$DEFAULTVIEW(1.0),Structure of earnings survey: annual earnings,A,Annual,B-S_X_O,"Industry, construction and services (except public administration, defense, compulsory social security)",TOTAL,Total,FT,Full-time,TOTAL,Total,T,Total,MEAN_E_EUR,Mean earnings in euro,RS,Serbia,2022,,11638,,,,,
dataflow,ESTAT:EARN_SES_ANNUAL$DEFAULTVIEW(1.0),Structure of earnings survey: annual earnings,A,Annual,B-S_X_O,"Industry, construction and services (except public administration, defense, compulsory social security)",TOTAL,Total,FT,Full-time,TOTAL,Total,T,Total,MEAN_E_EUR,Mean earnings in euro,SE,Sweden,2002,,31388,,,,,
dataflow,ESTAT:EARN_SES_ANNUAL$DEFAULTVIEW(1.0),Structure of earnings survey: annual earnings,A,Annual,B-S_X_O,"Industry, construction and services (except public administration, defense, compulsory social security)",TOTAL,Total,FT,Full-time,TOTAL,Total,T,Total,MEAN_E_EUR,Mean earnings in euro,SE,Sweden,2006,,34197,,,,,
dataflow,ESTAT:EARN_SES_ANNUAL$DEFAULTVIEW(1.0),Structure of earnings survey: annual earnings,A,Annual,B-S_X_O,"Industry, construction and services (except public administration, defense, compulsory social security)",TOTAL,Total,FT,Full-time,TOTAL,Total,T,Total,MEAN_E_EUR,Mean earnings in euro,SE,Sweden,2010,,38981,,,,,
dataflow,ESTAT:EARN_SES_ANNUAL$DEFAULTVIEW(1.0),Structure of earnings survey: annual earnings,A,Annual,B-S_X_O,"Industry, construction and services (except public administration, defense, compulsory social security)",TOTAL,Total,FT,Full-time,TOTAL,Total,T,Total,MEAN_E_EUR,Mean earnings in euro,SE,Sweden,2014,,44845,,,,,
dataflow,ESTAT:EARN_SES_ANNUAL$DEFAULTVIEW(1.0),Structure of earnings survey: annual earnings,A,Annual,B-S_X_O,"Industry, construction and services (except public administration, defense, compulsory social security)",TOTAL,Total,FT,Full-time,TOTAL,Total,T,Total,MEAN_E_EUR,Mean earnings in euro,SE,Sweden,2018,,43425,,,,,
dataflow,ESTAT:EARN_SES_ANNUAL$DEFAULTVIEW(1.0),Structure of earnings survey: annual earnings,A,Annual,B-S_X_O,"Industry, construction and services (except public administration, defense, compulsory social security)",TOTAL,Total,FT,Full-time,TOTAL,Total,T,Total,MEAN_E_EUR,Mean earnings in euro,SE,Sweden,2022,,46756,,,,,
dataflow,ESTAT:EARN_SES_ANNUAL$DEFAULTVIEW(1.0),Structure of earnings survey: annual earnings,A,Annual,B-S_X_O,"Industry, construction and services (except public administration, defense, compulsory social security)",TOTAL,Total,FT,Full-time,TOTAL,Total,T,Total,MEAN_E_EUR,Mean earnings in euro,SI,Slovenia,2002,,12560,,,,,
dataflow,ESTAT:EARN_SES_ANNUAL$DEFAULTVIEW(1.0),Structure of earnings survey: annual earnings,A,Annual,B-S_X_O,"Industry, construction and services (except public administration, defense, compulsory social security)",TOTAL,Total,FT,Full-time,TOTAL,Total,T,Total,MEAN_E_EUR,Mean earnings in euro,SI,Slovenia,2006,,15809,,,,,
dataflow,ESTAT:EARN_SES_ANNUAL$DEFAULTVIEW(1.0),Structure of earnings survey: annual earnings,A,Annual,B-S_X_O,"Industry, construction and services (except public administration, defense, compulsory social security)",TOTAL,Total,FT,Full-time,TOTAL,Total,T,Total,MEAN_E_EUR,Mean earnings in euro,SI,Slovenia,2010,,21162,,,,,
dataflow,ESTAT:EARN_SES_ANNUAL$DEFAULTVIEW(1.0),Structure of earnings survey: annual earnings,A,Annual,B-S_X_O,"Industry, construction and services (except public administration, defense, compulsory social security)",TOTAL,Total,FT,Full-time,TOTAL,Total,T,Total,MEAN_E_EUR,Mean earnings in euro,SI,Slovenia,2014,,22508,,,,,
dataflow,ESTAT:EARN_SES_ANNUAL$DEFAULTVIEW(1.0),Structure of earnings survey: annual earnings,A,Annual,B-S_X_O,"Industry, construction and services (except public administration, defense, compulsory social security)",TOTAL,Total,FT,Full-time,TOTAL,Total,T,Total,MEAN_E_EUR,Mean earnings in euro,SI,Slovenia,2018,,24669,,,,,
dataflow,ESTAT:EARN_SES_ANNUAL$DEFAULTVIEW(1.0),Structure of earnings survey: annual earnings,A,Annual,B-S_X_O,"Industry, construction and services (except public administration, defense, compulsory social security)",TOTAL,Total,FT,Full-time,TOTAL,Total,T,Total,MEAN_E_EUR,Mean earnings in euro,SI,Slovenia,2022,,30082,,,,,
dataflow,ESTAT:EARN_SES_ANNUAL$DEFAULTVIEW(1.0),Structure of earnings survey: annual earnings,A,Annual,B-S_X_O,"Industry, construction and services (except public administration, defense, compulsory social security)",TOTAL,Total,FT,Full-time,TOTAL,Total,T,Total,MEAN_E_EUR,Mean earnings in euro,SK,Slovakia,2002,,5506,,,,,
dataflow,ESTAT:EARN_SES_ANNUAL$DEFAULTVIEW(1.0),Structure of earnings survey: annual earnings,A,Annual,B-S_X_O,"Industry, construction and services (except public administration, defense, compulsory social security)",TOTAL,Total,FT,Full-time,TOTAL,Total,T,Total,MEAN_E_EUR,Mean earnings in euro,SK,Slovakia,2006,,6771,,,,,
dataflow,ESTAT:EARN_SES_ANNUAL$DEFAULTVIEW(1.0),Structure of earnings survey: annual earnings,A,Annual,B-S_X_O,"Industry, construction and services (except public administration, defense, compulsory social security)",TOTAL,Total,FT,Full-time,TOTAL,Total,T,Total,MEAN_E_EUR,Mean earnings in euro,SK,Slovakia,2010,,10321,,,,,
dataflow,ESTAT:EARN_SES_ANNUAL$DEFAULTVIEW(1.0),Structure of earnings survey: annual earnings,A,Annual,B-S_X_O,"Industry, construction and services (except public administration, defense, compulsory social security)",TOTAL,Total,FT,Full-time,TOTAL,Total,T,Total,MEAN_E_EUR,Mean earnings in euro,SK,Slovakia,2014,,12265,,,,,
dataflow,ESTAT:EARN_SES_ANNUAL$DEFAULTVIEW(1.0),Structure of earnings survey: annual earnings,A,Annual,B-S_X_O,"Industry, construction and services (except public administration, defense, compulsory social security)",TOTAL,Total,FT,Full-time,TOTAL,Total,T,Total,MEAN_E_EUR,Mean earnings in euro,SK,Slovakia,2018,,15159,,,,,
dataflow,ESTAT:EARN_SES_ANNUAL$DEFAULTVIEW(1.0),Structure of earnings survey: annual earnings,A,Annual,B-S_X_O,"Industry, construction and services (except public administration, defense, compulsory social security)",TOTAL,Total,FT,Full-time,TOTAL,Total,T,Total,MEAN_E_EUR,Mean earnings in euro,SK,Slovakia,2022,,19527,,,,,
dataflow,ESTAT:EARN_SES_ANNUAL$DEFAULTVIEW(1.0),Structure of earnings survey: annual earnings,A,Annual,B-S_X_O,"Industry, construction and services (except public administration, defense, compulsory social security)",TOTAL,Total,FT,Full-time,TOTAL,Total,T,Total,MEAN_E_EUR,Mean earnings in euro,TR,TÃ¼rkiye,2006,,8405,,,,,
dataflow,ESTAT:EARN_SES_ANNUAL$DEFAULTVIEW(1.0),Structure of earnings survey: annual earnings,A,Annual,B-S_X_O,"Industry, construction and services (except public administration, defense, compulsory social security)",TOTAL,Total,FT,Full-time,TOTAL,Total,T,Total,MEAN_E_EUR,Mean earnings in euro,TR,TÃ¼rkiye,2010,,10386,,,,,
dataflow,ESTAT:EARN_SES_ANNUAL$DEFAULTVIEW(1.0),Structure of earnings survey: annual earnings,A,Annual,B-S_X_O,"Industry, construction and services (except public administration, defense, compulsory social security)",TOTAL,Total,FT,Full-time,TOTAL,Total,T,Total,MEAN_E_EUR,Mean earnings in euro,TR,TÃ¼rkiye,2014,,10341,,,,,
dataflow,ESTAT:EARN_SES_ANNUAL$DEFAULTVIEW(1.0),Structure of earnings survey: annual earnings,A,Annual,B-S_X_O,"Industry, construction and services (except public administration, defense, compulsory social security)",TOTAL,Total,FT,Full-time,TOTAL,Total,T,Total,MEAN_E_EUR,Mean earnings in euro,TR,TÃ¼rkiye,2018,,9129,,,,,
dataflow,ESTAT:EARN_SES_ANNUAL$DEFAULTVIEW(1.0),Structure of earnings survey: annual earnings,A,Annual,B-S_X_O,"Industry, construction and services (except public administration, defense, compulsory social security)",TOTAL,Total,FT,Full-time,TOTAL,Total,T,Total,MEAN_E_EUR,Mean earnings in euro,UK,United Kingdom,2002,,41102,,,,,
dataflow,ESTAT:EARN_SES_ANNUAL$DEFAULTVIEW(1.0),Structure of earnings survey: annual earnings,A,Annual,B-S_X_O,"Industry, construction and services (except public administration, defense, compulsory social security)",TOTAL,Total,FT,Full-time,TOTAL,Total,T,Total,MEAN_E_EUR,Mean earnings in euro,UK,United Kingdom,2006,,44377,,,,,
dataflow,ESTAT:EARN_SES_ANNUAL$DEFAULTVIEW(1.0),Structure of earnings survey: annual earnings,A,Annual,B-S_X_O,"Industry, construction and services (except public administration, defense, compulsory social security)",TOTAL,Total,FT,Full-time,TOTAL,Total,T,Total,MEAN_E_EUR,Mean earnings in euro,UK,United Kingdom,2010,,38470,,,,,
dataflow,ESTAT:EARN_SES_ANNUAL$DEFAULTVIEW(1.0),Structure of earnings survey: annual earnings,A,Annual,B-S_X_O,"Industry, construction and services (except public administration, defense, compulsory social security)",TOTAL,Total,FT,Full-time,TOTAL,Total,T,Total,MEAN_E_EUR,Mean earnings in euro,UK,United Kingdom,2014,,42037,,,,,
dataflow,ESTAT:EARN_SES_ANNUAL$DEFAULTVIEW(1.0),Structure of earnings survey: annual earnings,A,Annual,B-S_X_O,"Industry, construction and services (except public administration, defense, compulsory social security)",TOTAL,Total,FT,Full-time,TOTAL,Total,T,Total,MEAN_E_EUR,Mean earnings in euro,UK,United Kingdom,2018,,42744,,,,,
